record_id,requester,exception_type,is_anomaly,anomaly_type,severity,explanation
EXC00000,Steven Brown,Access_Exception,False,COMPLIANT_EXCEPTION,NONE,Exception within approved lifecycle parameters
EXC00001,Edward Rodriguez,Access_Exception,False,COMPLIANT_EXCEPTION,NONE,Exception within approved lifecycle parameters
EXC00002,Elena Miller,Password_Policy_Exception,True,EXPIRED_ACTIVE_EXCEPTION,HIGH,Exception expired 19 days ago but still marked Active
EXC00003,Anthony Reilly,Access_Exception,False,COMPLIANT_EXCEPTION,NONE,Exception within approved lifecycle parameters
EXC00004,Larry Singh,Data_Export_Exception,False,COMPLIANT_EXCEPTION,NONE,Exception within approved lifecycle parameters
EXC00005,Raja Bernard,Password_Policy_Exception,False,COMPLIANT_EXCEPTION,NONE,Exception within approved lifecycle parameters
EXC00006,Stephen White,Password_Policy_Exception,False,COMPLIANT_EXCEPTION,NONE,Exception within approved lifecycle parameters
EXC00007,Pooja Mishra,Access_Exception,True,STALLED_REVIEW,MEDIUM,Exception pending review for over 30 days
EXC00008,Sophia Colombo,Firewall_Rule_Exception,False,COMPLIANT_EXCEPTION,NONE,Exception within approved lifecycle parameters
EXC00009,Gary Dubois,Encryption_Waiver,False,COMPLIANT_EXCEPTION,NONE,Exception within approved lifecycle parameters
EXC00010,Ryan Robinson,Firewall_Rule_Exception,False,COMPLIANT_EXCEPTION,NONE,Exception within approved lifecycle parameters
EXC00011,Jacob Gupta,Data_Export_Exception,False,COMPLIANT_EXCEPTION,NONE,Exception within approved lifecycle parameters
EXC00012,Nicholas Kelly,Firewall_Rule_Exception,False,COMPLIANT_EXCEPTION,NONE,Exception within approved lifecycle parameters
EXC00013,Mark Choi,Access_Exception,True,LONG_RUNNING_EXCEPTION,HIGH,Exception ran for 329 days without renewal process
EXC00014,Mark Han,Encryption_Waiver,False,COMPLIANT_EXCEPTION,NONE,Exception within approved lifecycle parameters
EXC00015,Matthew Ramirez,Encryption_Waiver,True,HIGH_RISK_LONG_EXCEPTION,MEDIUM,High-risk exception active for 284 days without review
EXC00016,Elena Rizzo,Access_Exception,False,COMPLIANT_EXCEPTION,NONE,Exception within approved lifecycle parameters
EXC00017,Brian Taylor,MFA_Exemption,False,COMPLIANT_EXCEPTION,NONE,Exception within approved lifecycle parameters
EXC00018,Maria Park,Access_Exception,False,COMPLIANT_EXCEPTION,NONE,Exception within approved lifecycle parameters
EXC00019,Harsh White,MFA_Exemption,False,COMPLIANT_EXCEPTION,NONE,Exception within approved lifecycle parameters
EXC00020,Edward Guo,Data_Export_Exception,True,STALLED_REVIEW,MEDIUM,Exception pending review for over 30 days
EXC00021,Joshua Singh,Firewall_Rule_Exception,False,COMPLIANT_EXCEPTION,NONE,Exception within approved lifecycle parameters
EXC00022,Elena Hoffmann,Encryption_Waiver,True,CRITICAL_RISK_EXCEPTION,HIGH,Exception categorised as Critical risk - requires executive approval
EXC00023,Rajesh Sun,Access_Exception,False,COMPLIANT_EXCEPTION,NONE,Exception within approved lifecycle parameters
EXC00024,Nikhil Xu,Firewall_Rule_Exception,True,CRITICAL_RISK_EXCEPTION,HIGH,Exception categorised as Critical risk - requires executive approval
EXC00025,Daniel Das,MFA_Exemption,False,COMPLIANT_EXCEPTION,NONE,Exception within approved lifecycle parameters
EXC00026,Matthew Quinn,Access_Exception,False,COMPLIANT_EXCEPTION,NONE,Exception within approved lifecycle parameters
EXC00027,William Russo,MFA_Exemption,True,STALLED_REVIEW,MEDIUM,Exception pending review for over 30 days
EXC00028,Thomas Sanchez,Password_Policy_Exception,False,COMPLIANT_EXCEPTION,NONE,Exception within approved lifecycle parameters
EXC00029,Ryan Martin,MFA_Exemption,False,COMPLIANT_EXCEPTION,NONE,Exception within approved lifecycle parameters
EXC00030,Neha Han,Password_Policy_Exception,True,LONG_RUNNING_EXCEPTION,HIGH,Exception ran for 323 days without renewal process
EXC00031,Timothy Jones,Password_Policy_Exception,True,STALLED_REVIEW,MEDIUM,Exception pending review for over 30 days
EXC00032,Shruti Weber,Password_Policy_Exception,False,COMPLIANT_EXCEPTION,NONE,Exception within approved lifecycle parameters
EXC00033,Harsh He,Password_Policy_Exception,False,COMPLIANT_EXCEPTION,NONE,Exception within approved lifecycle parameters
EXC00034,Aisha Meyer,Encryption_Waiver,False,COMPLIANT_EXCEPTION,NONE,Exception within approved lifecycle parameters
EXC00035,Matthew Han,Encryption_Waiver,False,COMPLIANT_EXCEPTION,NONE,Exception within approved lifecycle parameters
EXC00036,Jeffrey Ramirez,MFA_Exemption,False,COMPLIANT_EXCEPTION,NONE,Exception within approved lifecycle parameters
EXC00037,Anthony Brown,Encryption_Waiver,True,STALLED_REVIEW,MEDIUM,Exception pending review for over 30 days
EXC00038,Aisha Singh,Password_Policy_Exception,False,COMPLIANT_EXCEPTION,NONE,Exception within approved lifecycle parameters
EXC00039,Christopher Rao,MFA_Exemption,False,COMPLIANT_EXCEPTION,NONE,Exception within approved lifecycle parameters
EXC00040,Donald Choi,Data_Export_Exception,False,COMPLIANT_EXCEPTION,NONE,Exception within approved lifecycle parameters
EXC00041,Thomas Thompson,Access_Exception,False,COMPLIANT_EXCEPTION,NONE,Exception within approved lifecycle parameters
EXC00042,Diya Iyer,Firewall_Rule_Exception,False,COMPLIANT_EXCEPTION,NONE,Exception within approved lifecycle parameters
EXC00043,Christopher Bianchi,Access_Exception,False,COMPLIANT_EXCEPTION,NONE,Exception within approved lifecycle parameters
EXC00044,Joseph Schneider,Firewall_Rule_Exception,False,COMPLIANT_EXCEPTION,NONE,Exception within approved lifecycle parameters
EXC00045,Riya Wagner,Firewall_Rule_Exception,False,COMPLIANT_EXCEPTION,NONE,Exception within approved lifecycle parameters
EXC00046,Deepika Lee,MFA_Exemption,True,LONG_RUNNING_EXCEPTION,HIGH,Exception ran for 308 days without renewal process
EXC00047,Timothy Meyer,MFA_Exemption,False,COMPLIANT_EXCEPTION,NONE,Exception within approved lifecycle parameters
EXC00048,Nikhil Weber,Password_Policy_Exception,False,COMPLIANT_EXCEPTION,NONE,Exception within approved lifecycle parameters
EXC00049,Leila Williams,Encryption_Waiver,True,STALLED_REVIEW,MEDIUM,Exception pending review for over 30 days
EXC00050,Jeffrey Quinn,Encryption_Waiver,True,STALLED_REVIEW,MEDIUM,Exception pending review for over 30 days
EXC00051,Jeffrey Smith,MFA_Exemption,True,STALLED_REVIEW,MEDIUM,Exception pending review for over 30 days
EXC00052,Aditya Hernandez,MFA_Exemption,False,COMPLIANT_EXCEPTION,NONE,Exception within approved lifecycle parameters
EXC00053,Leila Singh,Firewall_Rule_Exception,False,COMPLIANT_EXCEPTION,NONE,Exception within approved lifecycle parameters
EXC00054,Kenneth Martinez,Data_Export_Exception,False,COMPLIANT_EXCEPTION,NONE,Exception within approved lifecycle parameters
EXC00055,Andrew Han,Encryption_Waiver,True,STALLED_REVIEW,MEDIUM,Exception pending review for over 30 days
EXC00056,Larry Thomas,MFA_Exemption,False,COMPLIANT_EXCEPTION,NONE,Exception within approved lifecycle parameters
EXC00057,Stephen Kelly,MFA_Exemption,False,COMPLIANT_EXCEPTION,NONE,Exception within approved lifecycle parameters
EXC00058,Christopher Pillai,Encryption_Waiver,False,COMPLIANT_EXCEPTION,NONE,Exception within approved lifecycle parameters
EXC00059,Riya Park,Firewall_Rule_Exception,True,STALLED_REVIEW,MEDIUM,Exception pending review for over 30 days
EXC00060,Rohan Gonzalez,Access_Exception,False,COMPLIANT_EXCEPTION,NONE,Exception within approved lifecycle parameters
EXC00061,Vikram Hoffmann,MFA_Exemption,True,INVALID_DATE_RANGE,CRITICAL,Start Date 2026-04-12 is after End Date 2026-03-22
EXC00062,Charles Jackson,Data_Export_Exception,True,STALLED_REVIEW,MEDIUM,Exception pending review for over 30 days
EXC00063,Edward Patel,Password_Policy_Exception,True,STALLED_REVIEW,MEDIUM,Exception pending review for over 30 days
EXC00064,Matthew Reilly,Firewall_Rule_Exception,False,COMPLIANT_EXCEPTION,NONE,Exception within approved lifecycle parameters
EXC00065,Andrew Quinn,Password_Policy_Exception,False,COMPLIANT_EXCEPTION,NONE,Exception within approved lifecycle parameters
EXC00066,George Xu,Data_Export_Exception,True,CRITICAL_RISK_EXCEPTION,HIGH,Exception categorised as Critical risk - requires executive approval
EXC00067,George Meyer,Password_Policy_Exception,False,COMPLIANT_EXCEPTION,NONE,Exception within approved lifecycle parameters
EXC00068,Harsh Rao,Data_Export_Exception,False,COMPLIANT_EXCEPTION,NONE,Exception within approved lifecycle parameters
EXC00069,Sanjana Singh,Firewall_Rule_Exception,False,COMPLIANT_EXCEPTION,NONE,Exception within approved lifecycle parameters
EXC00070,Rajesh Becker,Firewall_Rule_Exception,True,LONG_RUNNING_EXCEPTION,HIGH,Exception ran for 348 days without renewal process
EXC00071,George Liu,Encryption_Waiver,True,EXPIRED_ACTIVE_EXCEPTION,HIGH,Exception expired 18 days ago but still marked Active
EXC00072,Pooja Huang,Password_Policy_Exception,False,COMPLIANT_EXCEPTION,NONE,Exception within approved lifecycle parameters
EXC00073,Gary Wang,Encryption_Waiver,False,COMPLIANT_EXCEPTION,NONE,Exception within approved lifecycle parameters
EXC00074,Raja Murphy,Password_Policy_Exception,True,HIGH_RISK_LONG_EXCEPTION,MEDIUM,High-risk exception active for 307 days without review
EXC00075,Nikhil Connor,Access_Exception,False,COMPLIANT_EXCEPTION,NONE,Exception within approved lifecycle parameters
EXC00076,Leila Das,MFA_Exemption,True,LONG_RUNNING_EXCEPTION,HIGH,Exception ran for 187 days without renewal process
EXC00077,Rohan Connor,Password_Policy_Exception,False,COMPLIANT_EXCEPTION,NONE,Exception within approved lifecycle parameters
EXC00078,Sophia Murphy,MFA_Exemption,False,COMPLIANT_EXCEPTION,NONE,Exception within approved lifecycle parameters
EXC00079,Xiulan Singh,Data_Export_Exception,False,COMPLIANT_EXCEPTION,NONE,Exception within approved lifecycle parameters
EXC00080,Shruti Lopez,Encryption_Waiver,False,COMPLIANT_EXCEPTION,NONE,Exception within approved lifecycle parameters
EXC00081,Matthew Patel,MFA_Exemption,False,COMPLIANT_EXCEPTION,NONE,Exception within approved lifecycle parameters
EXC00082,Fatima Murphy,Firewall_Rule_Exception,False,COMPLIANT_EXCEPTION,NONE,Exception within approved lifecycle parameters
EXC00083,David Kelly,MFA_Exemption,False,COMPLIANT_EXCEPTION,NONE,Exception within approved lifecycle parameters
EXC00084,Jeffrey Muller,MFA_Exemption,True,HIGH_RISK_LONG_EXCEPTION,MEDIUM,High-risk exception active for 277 days without review
EXC00085,Gary Kelly,Password_Policy_Exception,True,STALLED_REVIEW,MEDIUM,Exception pending review for over 30 days
EXC00086,Harsh Wilson,Password_Policy_Exception,True,LONG_RUNNING_EXCEPTION,HIGH,Exception ran for 305 days without renewal process
EXC00087,Kenneth Smith,Encryption_Waiver,False,COMPLIANT_EXCEPTION,NONE,Exception within approved lifecycle parameters
EXC00088,Ryan Chen,MFA_Exemption,False,COMPLIANT_EXCEPTION,NONE,Exception within approved lifecycle parameters
EXC00089,Larry Nair,Data_Export_Exception,False,COMPLIANT_EXCEPTION,NONE,Exception within approved lifecycle parameters
EXC00090,Amara Ghosh,Password_Policy_Exception,True,CRITICAL_RISK_EXCEPTION,HIGH,Exception categorised as Critical risk - requires executive approval
EXC00091,Karan Sun,Encryption_Waiver,False,COMPLIANT_EXCEPTION,NONE,Exception within approved lifecycle parameters
EXC00092,Sanjana Schulz,Password_Policy_Exception,False,COMPLIANT_EXCEPTION,NONE,Exception within approved lifecycle parameters
EXC00093,Nadia Wilson,Data_Export_Exception,False,COMPLIANT_EXCEPTION,NONE,Exception within approved lifecycle parameters
EXC00094,Eric Wagner,Access_Exception,False,COMPLIANT_EXCEPTION,NONE,Exception within approved lifecycle parameters
EXC00095,Pooja Davis,Access_Exception,True,LONG_RUNNING_EXCEPTION,HIGH,Exception ran for 203 days without renewal process
EXC00096,Anthony Muller,Access_Exception,False,COMPLIANT_EXCEPTION,NONE,Exception within approved lifecycle parameters
EXC00097,Pooja Das,Access_Exception,False,COMPLIANT_EXCEPTION,NONE,Exception within approved lifecycle parameters
EXC00098,Anthony Russo,Firewall_Rule_Exception,False,COMPLIANT_EXCEPTION,NONE,Exception within approved lifecycle parameters
EXC00099,Anthony Martinez,Firewall_Rule_Exception,True,STALLED_REVIEW,MEDIUM,Exception pending review for over 30 days
EXC00100,Vikram Mishra,Password_Policy_Exception,True,STALLED_REVIEW,MEDIUM,Exception pending review for over 30 days
EXC00101,Eric Young,MFA_Exemption,True,STALLED_REVIEW,MEDIUM,Exception pending review for over 30 days
EXC00102,Harsh Martinez,MFA_Exemption,False,COMPLIANT_EXCEPTION,NONE,Exception within approved lifecycle parameters
EXC00103,Ronald Das,Firewall_Rule_Exception,False,COMPLIANT_EXCEPTION,NONE,Exception within approved lifecycle parameters
EXC00104,Nadia Kang,Access_Exception,True,STALLED_REVIEW,MEDIUM,Exception pending review for over 30 days
EXC00105,Nicholas Ramirez,Data_Export_Exception,True,HIGH_RISK_LONG_EXCEPTION,MEDIUM,High-risk exception active for 255 days without review
EXC00106,Zainab Johnson,MFA_Exemption,False,COMPLIANT_EXCEPTION,NONE,Exception within approved lifecycle parameters
EXC00107,Ryan Iyer,Password_Policy_Exception,True,STALLED_REVIEW,MEDIUM,Exception pending review for over 30 days
EXC00108,Xiulan Perez,MFA_Exemption,False,COMPLIANT_EXCEPTION,NONE,Exception within approved lifecycle parameters
EXC00109,Robert Russo,Password_Policy_Exception,True,STALLED_REVIEW,MEDIUM,Exception pending review for over 30 days
EXC00110,Diya Meyer,Access_Exception,True,STALLED_REVIEW,MEDIUM,Exception pending review for over 30 days
EXC00111,Matthew Gupta,MFA_Exemption,False,COMPLIANT_EXCEPTION,NONE,Exception within approved lifecycle parameters
EXC00112,Joseph Kelly,MFA_Exemption,True,LONG_RUNNING_EXCEPTION,HIGH,Exception ran for 246 days without renewal process
EXC00113,Pooja Hernandez,Access_Exception,True,LONG_RUNNING_EXCEPTION,HIGH,Exception ran for 200 days without renewal process
EXC00114,Robert Rodriguez,Password_Policy_Exception,False,COMPLIANT_EXCEPTION,NONE,Exception within approved lifecycle parameters
EXC00115,Matthew Iyer,Password_Policy_Exception,False,COMPLIANT_EXCEPTION,NONE,Exception within approved lifecycle parameters
EXC00116,Thomas Schmidt,Data_Export_Exception,False,COMPLIANT_EXCEPTION,NONE,Exception within approved lifecycle parameters
EXC00117,Zainab Rizzo,Access_Exception,False,COMPLIANT_EXCEPTION,NONE,Exception within approved lifecycle parameters
EXC00118,Nikhil Martin,Access_Exception,False,COMPLIANT_EXCEPTION,NONE,Exception within approved lifecycle parameters
EXC00119,Deepika Rodriguez,Data_Export_Exception,True,STALLED_REVIEW,MEDIUM,Exception pending review for over 30 days
EXC00120,Jacob Kelly,Firewall_Rule_Exception,False,COMPLIANT_EXCEPTION,NONE,Exception within approved lifecycle parameters
EXC00121,Leila Thomas,Firewall_Rule_Exception,False,COMPLIANT_EXCEPTION,NONE,Exception within approved lifecycle parameters
EXC00122,Priya Wilson,Firewall_Rule_Exception,True,STALLED_REVIEW,MEDIUM,Exception pending review for over 30 days
EXC00123,Sanjana Nair,Firewall_Rule_Exception,True,STALLED_REVIEW,MEDIUM,Exception pending review for over 30 days
EXC00124,Eric Sullivan,Access_Exception,False,COMPLIANT_EXCEPTION,NONE,Exception within approved lifecycle parameters
EXC00125,Sofia Reilly,MFA_Exemption,False,COMPLIANT_EXCEPTION,NONE,Exception within approved lifecycle parameters
EXC00126,Leila Schneider,Firewall_Rule_Exception,True,STALLED_REVIEW,MEDIUM,Exception pending review for over 30 days
EXC00127,Rohan Das,Password_Policy_Exception,False,COMPLIANT_EXCEPTION,NONE,Exception within approved lifecycle parameters
EXC00128,Meera Miller,Access_Exception,True,STALLED_REVIEW,MEDIUM,Exception pending review for over 30 days
EXC00129,Nadia Lewis,Encryption_Waiver,True,HIGH_RISK_LONG_EXCEPTION,MEDIUM,High-risk exception active for 362 days without review
EXC00130,Brian Kim,Password_Policy_Exception,True,LONG_RUNNING_EXCEPTION,HIGH,Exception ran for 268 days without renewal process
EXC00131,Rajesh Yang,Access_Exception,False,COMPLIANT_EXCEPTION,NONE,Exception within approved lifecycle parameters
EXC00132,Ronald Harris,MFA_Exemption,True,CRITICAL_RISK_EXCEPTION,HIGH,Exception categorised as Critical risk - requires executive approval
EXC00133,Jacob Menon,Firewall_Rule_Exception,False,COMPLIANT_EXCEPTION,NONE,Exception within approved lifecycle parameters
EXC00134,Steven Rao,Access_Exception,False,COMPLIANT_EXCEPTION,NONE,Exception within approved lifecycle parameters
EXC00135,Rohan Choi,MFA_Exemption,True,LONG_RUNNING_EXCEPTION,HIGH,Exception ran for 352 days without renewal process
EXC00136,Eric Sun,Password_Policy_Exception,True,STALLED_REVIEW,MEDIUM,Exception pending review for over 30 days
EXC00137,Donald Romano,Data_Export_Exception,False,COMPLIANT_EXCEPTION,NONE,Exception within approved lifecycle parameters
EXC00138,Jacob Murphy,Data_Export_Exception,False,COMPLIANT_EXCEPTION,NONE,Exception within approved lifecycle parameters
EXC00139,Isha Choi,Password_Policy_Exception,False,COMPLIANT_EXCEPTION,NONE,Exception within approved lifecycle parameters
EXC00140,Fatima Ramirez,Encryption_Waiver,False,COMPLIANT_EXCEPTION,NONE,Exception within approved lifecycle parameters
EXC00141,Aisha Choi,Access_Exception,True,STALLED_REVIEW,MEDIUM,Exception pending review for over 30 days
EXC00142,Isha Iyer,Firewall_Rule_Exception,True,LONG_RUNNING_EXCEPTION,HIGH,Exception ran for 289 days without renewal process
EXC00143,Richard Young,MFA_Exemption,False,COMPLIANT_EXCEPTION,NONE,Exception within approved lifecycle parameters
EXC00144,Michael Pillai,Firewall_Rule_Exception,True,CRITICAL_RISK_EXCEPTION,HIGH,Exception categorised as Critical risk - requires executive approval
EXC00145,Meera Guo,MFA_Exemption,True,STALLED_REVIEW,MEDIUM,Exception pending review for over 30 days
EXC00146,Jonathan Brown,MFA_Exemption,False,COMPLIANT_EXCEPTION,NONE,Exception within approved lifecycle parameters
EXC00147,Harsh Bianchi,MFA_Exemption,False,COMPLIANT_EXCEPTION,NONE,Exception within approved lifecycle parameters
EXC00148,Jason White,Encryption_Waiver,True,LONG_RUNNING_EXCEPTION,HIGH,Exception ran for 260 days without renewal process
EXC00149,Stephen Colombo,Access_Exception,False,COMPLIANT_EXCEPTION,NONE,Exception within approved lifecycle parameters
EXC00150,David Huang,MFA_Exemption,False,COMPLIANT_EXCEPTION,NONE,Exception within approved lifecycle parameters
EXC00151,Neha Rossi,Data_Export_Exception,False,COMPLIANT_EXCEPTION,NONE,Exception within approved lifecycle parameters
EXC00152,Riya Anderson,Password_Policy_Exception,False,COMPLIANT_EXCEPTION,NONE,Exception within approved lifecycle parameters
EXC00153,Andrew Perez,Firewall_Rule_Exception,False,COMPLIANT_EXCEPTION,NONE,Exception within approved lifecycle parameters
EXC00154,Rohan Smith,Encryption_Waiver,True,LONG_RUNNING_EXCEPTION,HIGH,Exception ran for 344 days without renewal process
EXC00155,Zainab Singh,MFA_Exemption,True,STALLED_REVIEW,MEDIUM,Exception pending review for over 30 days
EXC00156,Paul Robinson,MFA_Exemption,False,COMPLIANT_EXCEPTION,NONE,Exception within approved lifecycle parameters
EXC00157,David Miller,Firewall_Rule_Exception,False,COMPLIANT_EXCEPTION,NONE,Exception within approved lifecycle parameters
EXC00158,Jason Choi,Firewall_Rule_Exception,False,COMPLIANT_EXCEPTION,NONE,Exception within approved lifecycle parameters
EXC00159,Riya Jones,Access_Exception,True,STALLED_REVIEW,MEDIUM,Exception pending review for over 30 days
EXC00160,Arjun Jackson,Access_Exception,False,COMPLIANT_EXCEPTION,NONE,Exception within approved lifecycle parameters
EXC00161,Aisha Jo,Access_Exception,False,COMPLIANT_EXCEPTION,NONE,Exception within approved lifecycle parameters
EXC00162,Michael White,Access_Exception,False,COMPLIANT_EXCEPTION,NONE,Exception within approved lifecycle parameters
EXC00163,Donald Sullivan,Password_Policy_Exception,True,STALLED_REVIEW,MEDIUM,Exception pending review for over 30 days
EXC00164,Robert Patel,Password_Policy_Exception,False,COMPLIANT_EXCEPTION,NONE,Exception within approved lifecycle parameters
EXC00165,Elena Park,Firewall_Rule_Exception,True,HIGH_RISK_LONG_EXCEPTION,MEDIUM,High-risk exception active for 272 days without review
EXC00166,Kevin Kumar,Firewall_Rule_Exception,True,STALLED_REVIEW,MEDIUM,Exception pending review for over 30 days
EXC00167,Daniel Martinez,Firewall_Rule_Exception,False,COMPLIANT_EXCEPTION,NONE,Exception within approved lifecycle parameters
EXC00168,Isha Choi,MFA_Exemption,False,COMPLIANT_EXCEPTION,NONE,Exception within approved lifecycle parameters
EXC00169,Vikram Sullivan,MFA_Exemption,False,COMPLIANT_EXCEPTION,NONE,Exception within approved lifecycle parameters
EXC00170,Jeffrey Hernandez,Access_Exception,False,COMPLIANT_EXCEPTION,NONE,Exception within approved lifecycle parameters
EXC00171,Yuki Perez,MFA_Exemption,True,STALLED_REVIEW,MEDIUM,Exception pending review for over 30 days
EXC00172,Rohan Pillai,Data_Export_Exception,False,COMPLIANT_EXCEPTION,NONE,Exception within approved lifecycle parameters
EXC00173,Rajesh Smith,Firewall_Rule_Exception,False,COMPLIANT_EXCEPTION,NONE,Exception within approved lifecycle parameters
EXC00174,Andrew Rossi,Data_Export_Exception,False,COMPLIANT_EXCEPTION,NONE,Exception within approved lifecycle parameters
EXC00175,Zainab Sullivan,Encryption_Waiver,True,STALLED_REVIEW,MEDIUM,Exception pending review for over 30 days
EXC00176,Diya Han,Firewall_Rule_Exception,True,LONG_RUNNING_EXCEPTION,HIGH,Exception ran for 317 days without renewal process
EXC00177,Andrew Durand,Access_Exception,False,COMPLIANT_EXCEPTION,NONE,Exception within approved lifecycle parameters
EXC00178,Sophia Sullivan,MFA_Exemption,False,COMPLIANT_EXCEPTION,NONE,Exception within approved lifecycle parameters
EXC00179,Rohan Gupta,Firewall_Rule_Exception,False,COMPLIANT_EXCEPTION,NONE,Exception within approved lifecycle parameters
EXC00180,Zainab Lee,Encryption_Waiver,False,COMPLIANT_EXCEPTION,NONE,Exception within approved lifecycle parameters
EXC00181,Pooja Perez,Firewall_Rule_Exception,False,COMPLIANT_EXCEPTION,NONE,Exception within approved lifecycle parameters
EXC00182,Vikram Martin,Firewall_Rule_Exception,True,STALLED_REVIEW,MEDIUM,Exception pending review for over 30 days
EXC00183,Deepika Young,Firewall_Rule_Exception,False,COMPLIANT_EXCEPTION,NONE,Exception within approved lifecycle parameters
EXC00184,Joshua Das,Firewall_Rule_Exception,False,COMPLIANT_EXCEPTION,NONE,Exception within approved lifecycle parameters
EXC00185,Richard Gupta,Password_Policy_Exception,False,COMPLIANT_EXCEPTION,NONE,Exception within approved lifecycle parameters
EXC00186,Amitabh Rossi,Firewall_Rule_Exception,False,COMPLIANT_EXCEPTION,NONE,Exception within approved lifecycle parameters
EXC00187,Michael Verma,Encryption_Waiver,False,COMPLIANT_EXCEPTION,NONE,Exception within approved lifecycle parameters
EXC00188,Thomas Thomas,Password_Policy_Exception,True,LONG_RUNNING_EXCEPTION,HIGH,Exception ran for 315 days without renewal process
EXC00189,Deepika Murphy,MFA_Exemption,False,COMPLIANT_EXCEPTION,NONE,Exception within approved lifecycle parameters
EXC00190,Leila Das,Password_Policy_Exception,True,LONG_RUNNING_EXCEPTION,HIGH,Exception ran for 206 days without renewal process
EXC00191,Karan Anderson,Access_Exception,False,COMPLIANT_EXCEPTION,NONE,Exception within approved lifecycle parameters
EXC00192,William Williams,Access_Exception,False,COMPLIANT_EXCEPTION,NONE,Exception within approved lifecycle parameters
EXC00193,Akshay Schulz,Access_Exception,True,STALLED_REVIEW,MEDIUM,Exception pending review for over 30 days
EXC00194,Andrew Thomas,Data_Export_Exception,False,COMPLIANT_EXCEPTION,NONE,Exception within approved lifecycle parameters
EXC00195,Akshay Thompson,MFA_Exemption,False,COMPLIANT_EXCEPTION,NONE,Exception within approved lifecycle parameters
EXC00196,Isha Patel,Firewall_Rule_Exception,False,COMPLIANT_EXCEPTION,NONE,Exception within approved lifecycle parameters
EXC00197,Amitabh Guo,MFA_Exemption,False,COMPLIANT_EXCEPTION,NONE,Exception within approved lifecycle parameters
EXC00198,Deepika Choi,Access_Exception,False,COMPLIANT_EXCEPTION,NONE,Exception within approved lifecycle parameters
EXC00199,Pooja Menon,Data_Export_Exception,False,COMPLIANT_EXCEPTION,NONE,Exception within approved lifecycle parameters
EXC00200,Pooja Lim,Data_Export_Exception,True,STALLED_REVIEW,MEDIUM,Exception pending review for over 30 days
EXC00201,Ryan Jackson,Data_Export_Exception,True,STALLED_REVIEW,MEDIUM,Exception pending review for over 30 days
EXC00202,Nisha Han,Data_Export_Exception,True,STALLED_REVIEW,MEDIUM,Exception pending review for over 30 days
EXC00203,Joshua Schneider,Access_Exception,False,COMPLIANT_EXCEPTION,NONE,Exception within approved lifecycle parameters
EXC00204,Amitabh Lee,Firewall_Rule_Exception,True,STALLED_REVIEW,MEDIUM,Exception pending review for over 30 days
EXC00205,Donald Schmidt,Password_Policy_Exception,True,CRITICAL_RISK_EXCEPTION,HIGH,Exception categorised as Critical risk - requires executive approval
EXC00206,Varun Huang,Encryption_Waiver,False,COMPLIANT_EXCEPTION,NONE,Exception within approved lifecycle parameters
EXC00207,Jonathan Martin,Password_Policy_Exception,True,LONG_RUNNING_EXCEPTION,HIGH,Exception ran for 271 days without renewal process
EXC00208,Ryan Rodriguez,Encryption_Waiver,False,COMPLIANT_EXCEPTION,NONE,Exception within approved lifecycle parameters
EXC00209,Sophia Menon,Password_Policy_Exception,False,COMPLIANT_EXCEPTION,NONE,Exception within approved lifecycle parameters
EXC00210,Sanjana Das,Access_Exception,False,COMPLIANT_EXCEPTION,NONE,Exception within approved lifecycle parameters
EXC00211,Akshay Jang,Data_Export_Exception,False,COMPLIANT_EXCEPTION,NONE,Exception within approved lifecycle parameters
EXC00212,Kevin Liu,MFA_Exemption,False,COMPLIANT_EXCEPTION,NONE,Exception within approved lifecycle parameters
EXC00213,Richard Moore,Data_Export_Exception,True,LONG_RUNNING_EXCEPTION,HIGH,Exception ran for 209 days without renewal process
EXC00214,Isha Quinn,MFA_Exemption,False,COMPLIANT_EXCEPTION,NONE,Exception within approved lifecycle parameters
EXC00215,Akshay Jackson,Password_Policy_Exception,False,COMPLIANT_EXCEPTION,NONE,Exception within approved lifecycle parameters
EXC00216,Isha Lim,Firewall_Rule_Exception,False,COMPLIANT_EXCEPTION,NONE,Exception within approved lifecycle parameters
EXC00217,Jonathan Durand,MFA_Exemption,False,COMPLIANT_EXCEPTION,NONE,Exception within approved lifecycle parameters
EXC00218,Elena Iyer,Encryption_Waiver,False,COMPLIANT_EXCEPTION,NONE,Exception within approved lifecycle parameters
EXC00219,Amitabh Burke,Access_Exception,False,COMPLIANT_EXCEPTION,NONE,Exception within approved lifecycle parameters
EXC00220,Michael Martinez,Access_Exception,True,STALLED_REVIEW,MEDIUM,Exception pending review for over 30 days
EXC00221,Meera Rao,Password_Policy_Exception,True,CRITICAL_RISK_EXCEPTION,HIGH,Exception categorised as Critical risk - requires executive approval
EXC00222,Zainab Clark,Encryption_Waiver,False,COMPLIANT_EXCEPTION,NONE,Exception within approved lifecycle parameters
EXC00223,Xiulan Gupta,Data_Export_Exception,True,LONG_RUNNING_EXCEPTION,HIGH,Exception ran for 350 days without renewal process
EXC00224,Thomas Patel,MFA_Exemption,False,COMPLIANT_EXCEPTION,NONE,Exception within approved lifecycle parameters
EXC00225,Aditya Garcia,Firewall_Rule_Exception,False,COMPLIANT_EXCEPTION,NONE,Exception within approved lifecycle parameters
EXC00226,Harsh Robinson,Data_Export_Exception,True,STALLED_REVIEW,MEDIUM,Exception pending review for over 30 days
EXC00227,Daniel Verma,Access_Exception,False,COMPLIANT_EXCEPTION,NONE,Exception within approved lifecycle parameters
EXC00228,Andrew Schulz,Data_Export_Exception,False,COMPLIANT_EXCEPTION,NONE,Exception within approved lifecycle parameters
EXC00229,Nicholas Colombo,Firewall_Rule_Exception,False,COMPLIANT_EXCEPTION,NONE,Exception within approved lifecycle parameters
EXC00230,David Hoffmann,Encryption_Waiver,False,COMPLIANT_EXCEPTION,NONE,Exception within approved lifecycle parameters
EXC00231,Amitabh Harris,Data_Export_Exception,False,COMPLIANT_EXCEPTION,NONE,Exception within approved lifecycle parameters
EXC00232,Nadia Ferrari,MFA_Exemption,True,LONG_RUNNING_EXCEPTION,HIGH,Exception ran for 352 days without renewal process
EXC00233,Akshay Menon,Access_Exception,False,COMPLIANT_EXCEPTION,NONE,Exception within approved lifecycle parameters
EXC00234,Edward Perez,Password_Policy_Exception,True,LONG_RUNNING_EXCEPTION,HIGH,Exception ran for 254 days without renewal process
EXC00235,Priya Wang,Encryption_Waiver,True,STALLED_REVIEW,MEDIUM,Exception pending review for over 30 days
EXC00236,Jonathan Davis,Data_Export_Exception,False,COMPLIANT_EXCEPTION,NONE,Exception within approved lifecycle parameters
EXC00237,Larry Rizzo,Password_Policy_Exception,True,HIGH_RISK_LONG_EXCEPTION,MEDIUM,High-risk exception active for 297 days without review
EXC00238,Stephen Petit,Access_Exception,False,COMPLIANT_EXCEPTION,NONE,Exception within approved lifecycle parameters
EXC00239,Diya Robinson,Firewall_Rule_Exception,False,COMPLIANT_EXCEPTION,NONE,Exception within approved lifecycle parameters
EXC00240,Larry Rao,Access_Exception,False,COMPLIANT_EXCEPTION,NONE,Exception within approved lifecycle parameters
EXC00241,Brian Sun,Data_Export_Exception,False,COMPLIANT_EXCEPTION,NONE,Exception within approved lifecycle parameters
EXC00242,James Schmidt,Access_Exception,True,STALLED_REVIEW,MEDIUM,Exception pending review for over 30 days
EXC00243,Riya Lim,MFA_Exemption,False,COMPLIANT_EXCEPTION,NONE,Exception within approved lifecycle parameters
EXC00244,Riya Pillai,Data_Export_Exception,True,STALLED_REVIEW,MEDIUM,Exception pending review for over 30 days
EXC00245,Shruti Ghosh,Access_Exception,True,LONG_RUNNING_EXCEPTION,HIGH,Exception ran for 347 days without renewal process
EXC00246,Robert Xu,Data_Export_Exception,False,COMPLIANT_EXCEPTION,NONE,Exception within approved lifecycle parameters
EXC00247,Stephen Jo,Access_Exception,False,COMPLIANT_EXCEPTION,NONE,Exception within approved lifecycle parameters
EXC00248,Jonathan Martin,Data_Export_Exception,False,COMPLIANT_EXCEPTION,NONE,Exception within approved lifecycle parameters
EXC00249,Meera Martin,Firewall_Rule_Exception,False,COMPLIANT_EXCEPTION,NONE,Exception within approved lifecycle parameters
EXC00250,Shruti Kang,MFA_Exemption,False,COMPLIANT_EXCEPTION,NONE,Exception within approved lifecycle parameters
EXC00251,Amara Jo,Data_Export_Exception,False,COMPLIANT_EXCEPTION,NONE,Exception within approved lifecycle parameters
EXC00252,Amara Menon,Encryption_Waiver,True,LONG_RUNNING_EXCEPTION,HIGH,Exception ran for 259 days without renewal process
EXC00253,Brian Durand,Firewall_Rule_Exception,False,COMPLIANT_EXCEPTION,NONE,Exception within approved lifecycle parameters
EXC00254,Brian Smith,MFA_Exemption,False,COMPLIANT_EXCEPTION,NONE,Exception within approved lifecycle parameters
EXC00255,Ryan Wang,Data_Export_Exception,False,COMPLIANT_EXCEPTION,NONE,Exception within approved lifecycle parameters
EXC00256,Ryan Ferrari,Data_Export_Exception,False,COMPLIANT_EXCEPTION,NONE,Exception within approved lifecycle parameters
EXC00257,Shruti Wilson,MFA_Exemption,False,COMPLIANT_EXCEPTION,NONE,Exception within approved lifecycle parameters
EXC00258,Donald Sanchez,Password_Policy_Exception,True,STALLED_REVIEW,MEDIUM,Exception pending review for over 30 days
EXC00259,Matthew Verma,Data_Export_Exception,True,CRITICAL_RISK_EXCEPTION,HIGH,Exception categorised as Critical risk - requires executive approval
EXC00260,Mark Li,MFA_Exemption,False,COMPLIANT_EXCEPTION,NONE,Exception within approved lifecycle parameters
EXC00261,Eric White,Data_Export_Exception,True,STALLED_REVIEW,MEDIUM,Exception pending review for over 30 days
EXC00262,Sanjana Menon,Data_Export_Exception,False,COMPLIANT_EXCEPTION,NONE,Exception within approved lifecycle parameters
EXC00263,Donald Liu,Password_Policy_Exception,False,COMPLIANT_EXCEPTION,NONE,Exception within approved lifecycle parameters
EXC00264,Rohan Reddy,Encryption_Waiver,False,COMPLIANT_EXCEPTION,NONE,Exception within approved lifecycle parameters
EXC00265,Donald Das,Data_Export_Exception,False,COMPLIANT_EXCEPTION,NONE,Exception within approved lifecycle parameters
EXC00266,Jonathan Martin,Password_Policy_Exception,True,STALLED_REVIEW,MEDIUM,Exception pending review for over 30 days
EXC00267,David Huang,Data_Export_Exception,False,COMPLIANT_EXCEPTION,NONE,Exception within approved lifecycle parameters
EXC00268,Deepika Rossi,Data_Export_Exception,False,COMPLIANT_EXCEPTION,NONE,Exception within approved lifecycle parameters
EXC00269,Yuki Kumar,Data_Export_Exception,True,LONG_RUNNING_EXCEPTION,HIGH,Exception ran for 324 days without renewal process
EXC00270,Deepika Davis,Firewall_Rule_Exception,False,COMPLIANT_EXCEPTION,NONE,Exception within approved lifecycle parameters
EXC00271,Riya Lim,Firewall_Rule_Exception,False,COMPLIANT_EXCEPTION,NONE,Exception within approved lifecycle parameters
EXC00272,Shruti Fischer,Data_Export_Exception,True,LONG_RUNNING_EXCEPTION,HIGH,Exception ran for 253 days without renewal process
EXC00273,Shruti Pillai,MFA_Exemption,True,STALLED_REVIEW,MEDIUM,Exception pending review for over 30 days
EXC00274,Leila Kelly,MFA_Exemption,False,COMPLIANT_EXCEPTION,NONE,Exception within approved lifecycle parameters
EXC00275,Yuki Becker,Password_Policy_Exception,False,COMPLIANT_EXCEPTION,NONE,Exception within approved lifecycle parameters
EXC00276,Karan Wagner,Access_Exception,True,STALLED_REVIEW,MEDIUM,Exception pending review for over 30 days
EXC00277,William Singh,Access_Exception,False,COMPLIANT_EXCEPTION,NONE,Exception within approved lifecycle parameters
EXC00278,Pooja Choi,MFA_Exemption,False,COMPLIANT_EXCEPTION,NONE,Exception within approved lifecycle parameters
EXC00279,David Wilson,Access_Exception,True,STALLED_REVIEW,MEDIUM,Exception pending review for over 30 days
EXC00280,Rohan Huang,Data_Export_Exception,False,COMPLIANT_EXCEPTION,NONE,Exception within approved lifecycle parameters
EXC00281,Charles Nair,Access_Exception,False,COMPLIANT_EXCEPTION,NONE,Exception within approved lifecycle parameters
EXC00282,Thomas Reilly,Access_Exception,False,COMPLIANT_EXCEPTION,NONE,Exception within approved lifecycle parameters
EXC00283,Vikram Schmidt,Firewall_Rule_Exception,False,COMPLIANT_EXCEPTION,NONE,Exception within approved lifecycle parameters
EXC00284,Anthony Jang,Password_Policy_Exception,False,COMPLIANT_EXCEPTION,NONE,Exception within approved lifecycle parameters
EXC00285,Riya Ghosh,Data_Export_Exception,False,COMPLIANT_EXCEPTION,NONE,Exception within approved lifecycle parameters
EXC00286,Jonathan Harris,Data_Export_Exception,False,COMPLIANT_EXCEPTION,NONE,Exception within approved lifecycle parameters
EXC00287,Akshay Yang,Firewall_Rule_Exception,False,COMPLIANT_EXCEPTION,NONE,Exception within approved lifecycle parameters
EXC00288,Amitabh Burke,MFA_Exemption,False,COMPLIANT_EXCEPTION,NONE,Exception within approved lifecycle parameters
EXC00289,Paul Hernandez,Password_Policy_Exception,False,COMPLIANT_EXCEPTION,NONE,Exception within approved lifecycle parameters
EXC00290,Vikram Petit,Encryption_Waiver,True,STALLED_REVIEW,MEDIUM,Exception pending review for over 30 days
EXC00291,Anthony Becker,MFA_Exemption,False,COMPLIANT_EXCEPTION,NONE,Exception within approved lifecycle parameters
EXC00292,Karan Johnson,Password_Policy_Exception,False,COMPLIANT_EXCEPTION,NONE,Exception within approved lifecycle parameters
EXC00293,Stephen Young,Encryption_Waiver,True,EXPIRED_ACTIVE_EXCEPTION,HIGH,Exception expired 11 days ago but still marked Active
EXC00294,Pooja Patel,Encryption_Waiver,False,COMPLIANT_EXCEPTION,NONE,Exception within approved lifecycle parameters
EXC00295,Raja Clark,Password_Policy_Exception,True,STALLED_REVIEW,MEDIUM,Exception pending review for over 30 days
EXC00296,Thomas Harris,Encryption_Waiver,True,EXPIRED_ACTIVE_EXCEPTION,HIGH,Exception expired 21 days ago but still marked Active
EXC00297,Meera Lee,MFA_Exemption,False,COMPLIANT_EXCEPTION,NONE,Exception within approved lifecycle parameters
EXC00298,Isha Lim,Access_Exception,True,STALLED_REVIEW,MEDIUM,Exception pending review for over 30 days
EXC00299,Varun Liu,Data_Export_Exception,True,LONG_RUNNING_EXCEPTION,HIGH,Exception ran for 190 days without renewal process
EXC00300,James Clark,Password_Policy_Exception,False,COMPLIANT_EXCEPTION,NONE,Exception within approved lifecycle parameters
EXC00301,Joseph Sharma,Firewall_Rule_Exception,False,COMPLIANT_EXCEPTION,NONE,Exception within approved lifecycle parameters
EXC00302,Pooja Yang,Access_Exception,False,COMPLIANT_EXCEPTION,NONE,Exception within approved lifecycle parameters
EXC00303,Aditya Weber,MFA_Exemption,False,COMPLIANT_EXCEPTION,NONE,Exception within approved lifecycle parameters
EXC00304,Vikram Jo,Data_Export_Exception,False,COMPLIANT_EXCEPTION,NONE,Exception within approved lifecycle parameters
EXC00305,Rohan Durand,Data_Export_Exception,False,COMPLIANT_EXCEPTION,NONE,Exception within approved lifecycle parameters
EXC00306,Elena Guo,Data_Export_Exception,True,LONG_RUNNING_EXCEPTION,HIGH,Exception ran for 334 days without renewal process
EXC00307,Harsh Smith,Firewall_Rule_Exception,True,STALLED_REVIEW,MEDIUM,Exception pending review for over 30 days
EXC00308,Ronald Nair,Data_Export_Exception,False,COMPLIANT_EXCEPTION,NONE,Exception within approved lifecycle parameters
EXC00309,David Yang,Password_Policy_Exception,True,LONG_RUNNING_EXCEPTION,HIGH,Exception ran for 356 days without renewal process
EXC00310,Akshay Miller,Firewall_Rule_Exception,False,COMPLIANT_EXCEPTION,NONE,Exception within approved lifecycle parameters
EXC00311,Joseph Mishra,Password_Policy_Exception,False,COMPLIANT_EXCEPTION,NONE,Exception within approved lifecycle parameters
EXC00312,Leila Sanchez,Firewall_Rule_Exception,True,STALLED_REVIEW,MEDIUM,Exception pending review for over 30 days
EXC00313,Nicholas Kelly,Data_Export_Exception,False,COMPLIANT_EXCEPTION,NONE,Exception within approved lifecycle parameters
EXC00314,Meera Kelly,Firewall_Rule_Exception,True,CRITICAL_RISK_EXCEPTION,HIGH,Exception categorised as Critical risk - requires executive approval
EXC00315,Xiulan Jo,MFA_Exemption,True,CRITICAL_RISK_EXCEPTION,HIGH,Exception categorised as Critical risk - requires executive approval
EXC00316,Deepika Jang,MFA_Exemption,False,COMPLIANT_EXCEPTION,NONE,Exception within approved lifecycle parameters
EXC00317,Anthony Jo,Access_Exception,False,COMPLIANT_EXCEPTION,NONE,Exception within approved lifecycle parameters
EXC00318,James Thomas,MFA_Exemption,False,COMPLIANT_EXCEPTION,NONE,Exception within approved lifecycle parameters
EXC00319,Andrew Muller,Data_Export_Exception,True,LONG_RUNNING_EXCEPTION,HIGH,Exception ran for 210 days without renewal process
EXC00320,Anthony Gonzalez,Data_Export_Exception,True,STALLED_REVIEW,MEDIUM,Exception pending review for over 30 days
EXC00321,Donald Johnson,Firewall_Rule_Exception,False,COMPLIANT_EXCEPTION,NONE,Exception within approved lifecycle parameters
EXC00322,Nadia Singh,Data_Export_Exception,True,LONG_RUNNING_EXCEPTION,HIGH,Exception ran for 203 days without renewal process
EXC00323,Harsh Quinn,Firewall_Rule_Exception,True,STALLED_REVIEW,MEDIUM,Exception pending review for over 30 days
EXC00324,Edward Sun,Data_Export_Exception,True,STALLED_REVIEW,MEDIUM,Exception pending review for over 30 days
EXC00325,Anjali Becker,Password_Policy_Exception,True,LONG_RUNNING_EXCEPTION,HIGH,Exception ran for 322 days without renewal process
EXC00326,David O'Brien,Firewall_Rule_Exception,False,COMPLIANT_EXCEPTION,NONE,Exception within approved lifecycle parameters
EXC00327,Anthony Clark,Encryption_Waiver,False,COMPLIANT_EXCEPTION,NONE,Exception within approved lifecycle parameters
EXC00328,Jason Smith,Encryption_Waiver,False,COMPLIANT_EXCEPTION,NONE,Exception within approved lifecycle parameters
EXC00329,Jonathan Quinn,Encryption_Waiver,True,STALLED_REVIEW,MEDIUM,Exception pending review for over 30 days
EXC00330,Fatima Ramirez,Encryption_Waiver,False,COMPLIANT_EXCEPTION,NONE,Exception within approved lifecycle parameters
EXC00331,Yuki Perez,Encryption_Waiver,False,COMPLIANT_EXCEPTION,NONE,Exception within approved lifecycle parameters
EXC00332,Yuki Connor,Data_Export_Exception,True,LONG_RUNNING_EXCEPTION,HIGH,Exception ran for 286 days without renewal process
EXC00333,Michael Jones,MFA_Exemption,True,STALLED_REVIEW,MEDIUM,Exception pending review for over 30 days
EXC00334,Michael Anderson,Encryption_Waiver,False,COMPLIANT_EXCEPTION,NONE,Exception within approved lifecycle parameters
EXC00335,Aisha Sun,Firewall_Rule_Exception,True,STALLED_REVIEW,MEDIUM,Exception pending review for over 30 days
EXC00336,Andrew Gupta,Data_Export_Exception,False,COMPLIANT_EXCEPTION,NONE,Exception within approved lifecycle parameters
EXC00337,Kenneth White,Firewall_Rule_Exception,True,LONG_RUNNING_EXCEPTION,HIGH,Exception ran for 224 days without renewal process
EXC00338,Rohan Robinson,Data_Export_Exception,True,CRITICAL_RISK_EXCEPTION,HIGH,Exception categorised as Critical risk - requires executive approval
EXC00339,Ryan Xu,Firewall_Rule_Exception,True,LONG_RUNNING_EXCEPTION,HIGH,Exception ran for 333 days without renewal process
EXC00340,Nadia Thompson,Firewall_Rule_Exception,True,LONG_RUNNING_EXCEPTION,HIGH,Exception ran for 293 days without renewal process
EXC00341,Daniel Wang,Password_Policy_Exception,False,COMPLIANT_EXCEPTION,NONE,Exception within approved lifecycle parameters
EXC00342,Nikhil Fischer,Access_Exception,False,COMPLIANT_EXCEPTION,NONE,Exception within approved lifecycle parameters
EXC00343,Andrew Wang,MFA_Exemption,False,COMPLIANT_EXCEPTION,NONE,Exception within approved lifecycle parameters
EXC00344,Deepika Lee,Access_Exception,False,COMPLIANT_EXCEPTION,NONE,Exception within approved lifecycle parameters
EXC00345,Matthew Harris,Access_Exception,False,COMPLIANT_EXCEPTION,NONE,Exception within approved lifecycle parameters
EXC00346,Rajesh Meyer,MFA_Exemption,False,COMPLIANT_EXCEPTION,NONE,Exception within approved lifecycle parameters
EXC00347,Leila Park,Encryption_Waiver,True,STALLED_REVIEW,MEDIUM,Exception pending review for over 30 days
EXC00348,Nicholas Lim,Firewall_Rule_Exception,False,COMPLIANT_EXCEPTION,NONE,Exception within approved lifecycle parameters
EXC00349,Raja Hernandez,MFA_Exemption,False,COMPLIANT_EXCEPTION,NONE,Exception within approved lifecycle parameters
EXC00350,Sofia Pillai,Firewall_Rule_Exception,False,COMPLIANT_EXCEPTION,NONE,Exception within approved lifecycle parameters
EXC00351,Aisha Williams,MFA_Exemption,False,COMPLIANT_EXCEPTION,NONE,Exception within approved lifecycle parameters
EXC00352,Harsh Clark,Data_Export_Exception,False,COMPLIANT_EXCEPTION,NONE,Exception within approved lifecycle parameters
EXC00353,Eric Clark,Encryption_Waiver,False,COMPLIANT_EXCEPTION,NONE,Exception within approved lifecycle parameters
EXC00354,Rajesh Anderson,Encryption_Waiver,False,COMPLIANT_EXCEPTION,NONE,Exception within approved lifecycle parameters
EXC00355,Steven Martinez,Data_Export_Exception,False,COMPLIANT_EXCEPTION,NONE,Exception within approved lifecycle parameters
EXC00356,Shruti Schmidt,Data_Export_Exception,False,COMPLIANT_EXCEPTION,NONE,Exception within approved lifecycle parameters
EXC00357,Xiulan Moore,Encryption_Waiver,True,LONG_RUNNING_EXCEPTION,HIGH,Exception ran for 354 days without renewal process
EXC00358,Edward Schulz,Data_Export_Exception,True,STALLED_REVIEW,MEDIUM,Exception pending review for over 30 days
EXC00359,Paul Ferrari,Firewall_Rule_Exception,False,COMPLIANT_EXCEPTION,NONE,Exception within approved lifecycle parameters
EXC00360,Kenneth Dubois,Data_Export_Exception,True,STALLED_REVIEW,MEDIUM,Exception pending review for over 30 days
EXC00361,Maria Martinez,Encryption_Waiver,False,COMPLIANT_EXCEPTION,NONE,Exception within approved lifecycle parameters
EXC00362,Raja Verma,Access_Exception,False,COMPLIANT_EXCEPTION,NONE,Exception within approved lifecycle parameters
EXC00363,Akshay Lee,Password_Policy_Exception,False,COMPLIANT_EXCEPTION,NONE,Exception within approved lifecycle parameters
EXC00364,Amitabh Quinn,Firewall_Rule_Exception,False,COMPLIANT_EXCEPTION,NONE,Exception within approved lifecycle parameters
EXC00365,Aisha Martinez,MFA_Exemption,False,COMPLIANT_EXCEPTION,NONE,Exception within approved lifecycle parameters
EXC00366,Richard Miller,MFA_Exemption,True,STALLED_REVIEW,MEDIUM,Exception pending review for over 30 days
EXC00367,Rajesh Martinez,MFA_Exemption,False,COMPLIANT_EXCEPTION,NONE,Exception within approved lifecycle parameters
EXC00368,Joshua Clark,Encryption_Waiver,True,LONG_RUNNING_EXCEPTION,HIGH,Exception ran for 362 days without renewal process
EXC00369,Riya Kim,Data_Export_Exception,False,COMPLIANT_EXCEPTION,NONE,Exception within approved lifecycle parameters
EXC00370,Aisha Russo,Firewall_Rule_Exception,False,COMPLIANT_EXCEPTION,NONE,Exception within approved lifecycle parameters
EXC00371,Xiulan Thomas,Password_Policy_Exception,False,COMPLIANT_EXCEPTION,NONE,Exception within approved lifecycle parameters
EXC00372,Priya Harris,MFA_Exemption,False,COMPLIANT_EXCEPTION,NONE,Exception within approved lifecycle parameters
EXC00373,Maria Taylor,Data_Export_Exception,True,STALLED_REVIEW,MEDIUM,Exception pending review for over 30 days
EXC00374,Maria He,Encryption_Waiver,True,STALLED_REVIEW,MEDIUM,Exception pending review for over 30 days
EXC00375,Timothy Kang,Password_Policy_Exception,False,COMPLIANT_EXCEPTION,NONE,Exception within approved lifecycle parameters
EXC00376,Brian Esposito,Firewall_Rule_Exception,False,COMPLIANT_EXCEPTION,NONE,Exception within approved lifecycle parameters
EXC00377,Nisha Colombo,Password_Policy_Exception,False,COMPLIANT_EXCEPTION,NONE,Exception within approved lifecycle parameters
EXC00378,Diya Das,Data_Export_Exception,False,COMPLIANT_EXCEPTION,NONE,Exception within approved lifecycle parameters
EXC00379,Anjali Jo,Encryption_Waiver,True,HIGH_RISK_LONG_EXCEPTION,MEDIUM,High-risk exception active for 127 days without review
EXC00380,Raja Bernard,Data_Export_Exception,False,COMPLIANT_EXCEPTION,NONE,Exception within approved lifecycle parameters
EXC00381,Raja Bernard,Password_Policy_Exception,False,COMPLIANT_EXCEPTION,NONE,Exception within approved lifecycle parameters
EXC00382,Amitabh Sharma,Encryption_Waiver,True,HIGH_RISK_LONG_EXCEPTION,MEDIUM,High-risk exception active for 159 days without review
EXC00383,Xiulan Huang,Password_Policy_Exception,False,COMPLIANT_EXCEPTION,NONE,Exception within approved lifecycle parameters
EXC00384,Priya Russo,Encryption_Waiver,True,EXPIRED_ACTIVE_EXCEPTION,HIGH,Exception expired 8 days ago but still marked Active
EXC00385,Sophia Park,Firewall_Rule_Exception,False,COMPLIANT_EXCEPTION,NONE,Exception within approved lifecycle parameters
EXC00386,Andrew Weber,Firewall_Rule_Exception,False,COMPLIANT_EXCEPTION,NONE,Exception within approved lifecycle parameters
EXC00387,Neha Thomas,Access_Exception,False,COMPLIANT_EXCEPTION,NONE,Exception within approved lifecycle parameters
EXC00388,James Garcia,MFA_Exemption,True,LONG_RUNNING_EXCEPTION,HIGH,Exception ran for 192 days without renewal process
EXC00389,Paul Russo,MFA_Exemption,True,CRITICAL_RISK_EXCEPTION,HIGH,Exception categorised as Critical risk - requires executive approval
EXC00390,Jonathan Rao,Firewall_Rule_Exception,False,COMPLIANT_EXCEPTION,NONE,Exception within approved lifecycle parameters
EXC00391,Isha Park,Data_Export_Exception,True,STALLED_REVIEW,MEDIUM,Exception pending review for over 30 days
EXC00392,Kevin Pillai,Data_Export_Exception,True,STALLED_REVIEW,MEDIUM,Exception pending review for over 30 days
EXC00393,Karan Petit,Firewall_Rule_Exception,False,COMPLIANT_EXCEPTION,NONE,Exception within approved lifecycle parameters
EXC00394,David Moore,Data_Export_Exception,True,STALLED_REVIEW,MEDIUM,Exception pending review for over 30 days
EXC00395,Varun Ghosh,Encryption_Waiver,True,LONG_RUNNING_EXCEPTION,HIGH,Exception ran for 339 days without renewal process
EXC00396,William Dubois,Firewall_Rule_Exception,True,CRITICAL_RISK_EXCEPTION,HIGH,Exception categorised as Critical risk - requires executive approval
EXC00397,Jonathan Fischer,Data_Export_Exception,False,COMPLIANT_EXCEPTION,NONE,Exception within approved lifecycle parameters
EXC00398,Michael Rossi,Firewall_Rule_Exception,True,HIGH_RISK_LONG_EXCEPTION,MEDIUM,High-risk exception active for 358 days without review
EXC00399,Isha Sanchez,Access_Exception,True,STALLED_REVIEW,MEDIUM,Exception pending review for over 30 days
EXC00400,James Reilly,Access_Exception,True,STALLED_REVIEW,MEDIUM,Exception pending review for over 30 days
EXC00401,Anjali Sanchez,Firewall_Rule_Exception,True,STALLED_REVIEW,MEDIUM,Exception pending review for over 30 days
EXC00402,Varun Reddy,Password_Policy_Exception,True,STALLED_REVIEW,MEDIUM,Exception pending review for over 30 days
EXC00403,Zainab Wilson,MFA_Exemption,False,COMPLIANT_EXCEPTION,NONE,Exception within approved lifecycle parameters
EXC00404,Nisha Iyer,Encryption_Waiver,False,COMPLIANT_EXCEPTION,NONE,Exception within approved lifecycle parameters
EXC00405,Pooja Schneider,MFA_Exemption,False,COMPLIANT_EXCEPTION,NONE,Exception within approved lifecycle parameters
EXC00406,Leila Connor,Data_Export_Exception,False,COMPLIANT_EXCEPTION,NONE,Exception within approved lifecycle parameters
EXC00407,Nikhil Martin,Encryption_Waiver,False,COMPLIANT_EXCEPTION,NONE,Exception within approved lifecycle parameters
EXC00408,Eric Rao,Access_Exception,True,LONG_RUNNING_EXCEPTION,HIGH,Exception ran for 344 days without renewal process
EXC00409,Matthew Wang,MFA_Exemption,False,COMPLIANT_EXCEPTION,NONE,Exception within approved lifecycle parameters
EXC00410,James Brown,Firewall_Rule_Exception,False,COMPLIANT_EXCEPTION,NONE,Exception within approved lifecycle parameters
EXC00411,Mark Liu,Password_Policy_Exception,False,COMPLIANT_EXCEPTION,NONE,Exception within approved lifecycle parameters
EXC00412,Harsh Patel,Data_Export_Exception,False,COMPLIANT_EXCEPTION,NONE,Exception within approved lifecycle parameters
EXC00413,Brian Rao,MFA_Exemption,False,COMPLIANT_EXCEPTION,NONE,Exception within approved lifecycle parameters
EXC00414,Deepika Kumar,Encryption_Waiver,True,LONG_RUNNING_EXCEPTION,HIGH,Exception ran for 237 days without renewal process
EXC00415,Thomas Murphy,Password_Policy_Exception,False,COMPLIANT_EXCEPTION,NONE,Exception within approved lifecycle parameters
EXC00416,Timothy White,MFA_Exemption,False,COMPLIANT_EXCEPTION,NONE,Exception within approved lifecycle parameters
EXC00417,James Perez,Encryption_Waiver,False,COMPLIANT_EXCEPTION,NONE,Exception within approved lifecycle parameters
EXC00418,Matthew Gonzalez,MFA_Exemption,False,COMPLIANT_EXCEPTION,NONE,Exception within approved lifecycle parameters
EXC00419,Mark Liu,Access_Exception,True,STALLED_REVIEW,MEDIUM,Exception pending review for over 30 days
EXC00420,Matthew Iyer,Data_Export_Exception,True,STALLED_REVIEW,MEDIUM,Exception pending review for over 30 days
EXC00421,Richard Fischer,Encryption_Waiver,True,LONG_RUNNING_EXCEPTION,HIGH,Exception ran for 362 days without renewal process
EXC00422,Joseph Wilson,Access_Exception,False,COMPLIANT_EXCEPTION,NONE,Exception within approved lifecycle parameters
EXC00423,Meera Nair,Firewall_Rule_Exception,False,COMPLIANT_EXCEPTION,NONE,Exception within approved lifecycle parameters
EXC00424,Riya Guo,Firewall_Rule_Exception,True,LONG_RUNNING_EXCEPTION,HIGH,Exception ran for 232 days without renewal process
EXC00425,Arjun Xu,Data_Export_Exception,False,COMPLIANT_EXCEPTION,NONE,Exception within approved lifecycle parameters
EXC00426,Sofia Brown,Encryption_Waiver,False,COMPLIANT_EXCEPTION,NONE,Exception within approved lifecycle parameters
EXC00427,James Bhat,Data_Export_Exception,False,COMPLIANT_EXCEPTION,NONE,Exception within approved lifecycle parameters
EXC00428,Thomas Hernandez,Encryption_Waiver,False,COMPLIANT_EXCEPTION,NONE,Exception within approved lifecycle parameters
EXC00429,Sofia Schneider,Firewall_Rule_Exception,True,STALLED_REVIEW,MEDIUM,Exception pending review for over 30 days
EXC00430,Elena Liu,Firewall_Rule_Exception,False,COMPLIANT_EXCEPTION,NONE,Exception within approved lifecycle parameters
EXC00431,Jonathan Sharma,Firewall_Rule_Exception,False,COMPLIANT_EXCEPTION,NONE,Exception within approved lifecycle parameters
EXC00432,Matthew Sullivan,Password_Policy_Exception,False,COMPLIANT_EXCEPTION,NONE,Exception within approved lifecycle parameters
EXC00433,Thomas Lopez,Password_Policy_Exception,False,COMPLIANT_EXCEPTION,NONE,Exception within approved lifecycle parameters
EXC00434,Aisha Williams,Encryption_Waiver,False,COMPLIANT_EXCEPTION,NONE,Exception within approved lifecycle parameters
EXC00435,Michael Jackson,Access_Exception,True,LONG_RUNNING_EXCEPTION,HIGH,Exception ran for 270 days without renewal process
EXC00436,Aisha Huang,Encryption_Waiver,False,COMPLIANT_EXCEPTION,NONE,Exception within approved lifecycle parameters
EXC00437,Rohan O'Brien,MFA_Exemption,True,CRITICAL_RISK_EXCEPTION,HIGH,Exception categorised as Critical risk - requires executive approval
EXC00438,Jonathan Kelly,Firewall_Rule_Exception,False,COMPLIANT_EXCEPTION,NONE,Exception within approved lifecycle parameters
EXC00439,Aisha Harris,Access_Exception,False,COMPLIANT_EXCEPTION,NONE,Exception within approved lifecycle parameters
EXC00440,Stephen Weber,Firewall_Rule_Exception,True,STALLED_REVIEW,MEDIUM,Exception pending review for over 30 days
EXC00441,Kevin Guo,Firewall_Rule_Exception,False,COMPLIANT_EXCEPTION,NONE,Exception within approved lifecycle parameters
EXC00442,Priya Hernandez,Data_Export_Exception,False,COMPLIANT_EXCEPTION,NONE,Exception within approved lifecycle parameters
EXC00443,Harsh Hernandez,Encryption_Waiver,False,COMPLIANT_EXCEPTION,NONE,Exception within approved lifecycle parameters
EXC00444,Yuki Hwang,Firewall_Rule_Exception,True,LONG_RUNNING_EXCEPTION,HIGH,Exception ran for 207 days without renewal process
EXC00445,Robert Li,MFA_Exemption,False,COMPLIANT_EXCEPTION,NONE,Exception within approved lifecycle parameters
EXC00446,Amitabh Schmidt,Firewall_Rule_Exception,False,COMPLIANT_EXCEPTION,NONE,Exception within approved lifecycle parameters
EXC00447,Andrew Mishra,Access_Exception,True,EXPIRED_ACTIVE_EXCEPTION,CRITICAL,Exception expired 119 days ago but still marked Active
EXC00448,Ronald Murphy,Encryption_Waiver,True,EXPIRED_ACTIVE_EXCEPTION,HIGH,Exception expired 13 days ago but still marked Active
EXC00449,Paul Lim,Firewall_Rule_Exception,True,STALLED_REVIEW,MEDIUM,Exception pending review for over 30 days
EXC00450,Charles Fischer,Access_Exception,True,CRITICAL_RISK_EXCEPTION,HIGH,Exception categorised as Critical risk - requires executive approval
EXC00451,Matthew Kumar,Password_Policy_Exception,True,STALLED_REVIEW,MEDIUM,Exception pending review for over 30 days
EXC00452,Jason Jo,Firewall_Rule_Exception,True,EXPIRED_ACTIVE_EXCEPTION,HIGH,Exception expired 12 days ago but still marked Active
EXC00453,Isha Williams,Firewall_Rule_Exception,True,STALLED_REVIEW,MEDIUM,Exception pending review for over 30 days
EXC00454,Andrew Verma,Encryption_Waiver,True,EXPIRED_ACTIVE_EXCEPTION,CRITICAL,Exception expired 268 days ago but still marked Active
EXC00455,Edward Garcia,Data_Export_Exception,False,COMPLIANT_EXCEPTION,NONE,Exception within approved lifecycle parameters
EXC00456,Timothy Brown,Encryption_Waiver,False,COMPLIANT_EXCEPTION,NONE,Exception within approved lifecycle parameters
EXC00457,Anjali Reddy,Firewall_Rule_Exception,False,COMPLIANT_EXCEPTION,NONE,Exception within approved lifecycle parameters
EXC00458,Kenneth Harris,Password_Policy_Exception,False,COMPLIANT_EXCEPTION,NONE,Exception within approved lifecycle parameters
EXC00459,Steven Choi,Firewall_Rule_Exception,False,COMPLIANT_EXCEPTION,NONE,Exception within approved lifecycle parameters
EXC00460,Nisha Wilson,Firewall_Rule_Exception,True,EXPIRED_ACTIVE_EXCEPTION,CRITICAL,Exception expired 93 days ago but still marked Active
EXC00461,Larry Taylor,Data_Export_Exception,True,EXPIRED_ACTIVE_EXCEPTION,HIGH,Exception expired 26 days ago but still marked Active
EXC00462,Charles Jang,Data_Export_Exception,False,COMPLIANT_EXCEPTION,NONE,Exception within approved lifecycle parameters
EXC00463,Sophia Rao,MFA_Exemption,True,STALLED_REVIEW,MEDIUM,Exception pending review for over 30 days
EXC00464,Brian Singh,Password_Policy_Exception,False,COMPLIANT_EXCEPTION,NONE,Exception within approved lifecycle parameters
EXC00465,Timothy Li,Data_Export_Exception,False,COMPLIANT_EXCEPTION,NONE,Exception within approved lifecycle parameters
EXC00466,Nisha Choi,Firewall_Rule_Exception,True,STALLED_REVIEW,MEDIUM,Exception pending review for over 30 days
EXC00467,Priya Nair,Data_Export_Exception,False,COMPLIANT_EXCEPTION,NONE,Exception within approved lifecycle parameters
EXC00468,Amitabh Harris,Data_Export_Exception,False,COMPLIANT_EXCEPTION,NONE,Exception within approved lifecycle parameters
EXC00469,James Schneider,Encryption_Waiver,True,STALLED_REVIEW,MEDIUM,Exception pending review for over 30 days
EXC00470,Priya Jo,Data_Export_Exception,True,CRITICAL_RISK_EXCEPTION,HIGH,Exception categorised as Critical risk - requires executive approval
EXC00471,Edward Kim,Password_Policy_Exception,True,STALLED_REVIEW,MEDIUM,Exception pending review for over 30 days
EXC00472,William Connor,Encryption_Waiver,True,STALLED_REVIEW,MEDIUM,Exception pending review for over 30 days
EXC00473,Steven Moore,MFA_Exemption,False,COMPLIANT_EXCEPTION,NONE,Exception within approved lifecycle parameters
EXC00474,Nadia Sharma,Access_Exception,True,EXPIRED_ACTIVE_EXCEPTION,HIGH,Exception expired 48 days ago but still marked Active
EXC00475,Steven Verma,Password_Policy_Exception,False,COMPLIANT_EXCEPTION,NONE,Exception within approved lifecycle parameters
EXC00476,Steven Wang,Encryption_Waiver,False,COMPLIANT_EXCEPTION,NONE,Exception within approved lifecycle parameters
EXC00477,Kevin Thompson,Encryption_Waiver,True,EXPIRED_ACTIVE_EXCEPTION,HIGH,Exception expired 39 days ago but still marked Active
EXC00478,Anjali Kim,MFA_Exemption,True,LONG_RUNNING_EXCEPTION,HIGH,Exception ran for 181 days without renewal process
EXC00479,Ronald Williams,MFA_Exemption,False,COMPLIANT_EXCEPTION,NONE,Exception within approved lifecycle parameters
EXC00480,Diya Schneider,Password_Policy_Exception,False,COMPLIANT_EXCEPTION,NONE,Exception within approved lifecycle parameters
EXC00481,Gary Reilly,Data_Export_Exception,True,STALLED_REVIEW,MEDIUM,Exception pending review for over 30 days
EXC00482,Robert Liu,Data_Export_Exception,False,COMPLIANT_EXCEPTION,NONE,Exception within approved lifecycle parameters
EXC00483,Diya Reilly,Access_Exception,False,COMPLIANT_EXCEPTION,NONE,Exception within approved lifecycle parameters
EXC00484,Deepika Davis,Firewall_Rule_Exception,False,COMPLIANT_EXCEPTION,NONE,Exception within approved lifecycle parameters
EXC00485,Fatima Guo,Data_Export_Exception,True,EXPIRED_ACTIVE_EXCEPTION,CRITICAL,Exception expired 234 days ago but still marked Active
EXC00486,Nicholas Martin,Password_Policy_Exception,False,COMPLIANT_EXCEPTION,NONE,Exception within approved lifecycle parameters
EXC00487,Raja Jang,Data_Export_Exception,True,EXPIRED_ACTIVE_EXCEPTION,CRITICAL,Exception expired 133 days ago but still marked Active
EXC00488,James Nair,Access_Exception,True,STALLED_REVIEW,MEDIUM,Exception pending review for over 30 days
EXC00489,Riya Connor,MFA_Exemption,True,HIGH_RISK_LONG_EXCEPTION,MEDIUM,High-risk exception active for 337 days without review
EXC00490,Larry Patel,Access_Exception,True,EXPIRED_ACTIVE_EXCEPTION,CRITICAL,Exception expired 205 days ago but still marked Active
EXC00491,Kenneth White,Password_Policy_Exception,False,COMPLIANT_EXCEPTION,NONE,Exception within approved lifecycle parameters
EXC00492,Sanjana Garcia,MFA_Exemption,False,COMPLIANT_EXCEPTION,NONE,Exception within approved lifecycle parameters
EXC00493,Maria Martin,Password_Policy_Exception,False,COMPLIANT_EXCEPTION,NONE,Exception within approved lifecycle parameters
EXC00494,Brian Iyer,Access_Exception,False,COMPLIANT_EXCEPTION,NONE,Exception within approved lifecycle parameters
EXC00495,Donald Kim,Data_Export_Exception,False,COMPLIANT_EXCEPTION,NONE,Exception within approved lifecycle parameters
EXC00496,Eric Choi,MFA_Exemption,True,STALLED_REVIEW,MEDIUM,Exception pending review for over 30 days
EXC00497,Sanjana Jones,Password_Policy_Exception,False,COMPLIANT_EXCEPTION,NONE,Exception within approved lifecycle parameters
EXC00498,Karan Wilson,Encryption_Waiver,False,COMPLIANT_EXCEPTION,NONE,Exception within approved lifecycle parameters
EXC00499,Amara Connor,Data_Export_Exception,False,COMPLIANT_EXCEPTION,NONE,Exception within approved lifecycle parameters
EXC00500,Nicholas Das,Data_Export_Exception,True,LONG_RUNNING_EXCEPTION,HIGH,Exception ran for 299 days without renewal process
EXC00501,Anthony Lee,Encryption_Waiver,False,COMPLIANT_EXCEPTION,NONE,Exception within approved lifecycle parameters
EXC00502,Daniel Lee,Access_Exception,False,COMPLIANT_EXCEPTION,NONE,Exception within approved lifecycle parameters
EXC00503,Michael Singh,Encryption_Waiver,True,CRITICAL_RISK_EXCEPTION,HIGH,Exception categorised as Critical risk - requires executive approval
EXC00504,Rohan Lewis,Encryption_Waiver,True,EXPIRED_ACTIVE_EXCEPTION,CRITICAL,Exception expired 274 days ago but still marked Active
EXC00505,Anthony Guo,Data_Export_Exception,True,EXPIRED_ACTIVE_EXCEPTION,CRITICAL,Exception expired 194 days ago but still marked Active
EXC00506,Elena Sullivan,Encryption_Waiver,True,STALLED_REVIEW,MEDIUM,Exception pending review for over 30 days
EXC00507,Joseph Mishra,Password_Policy_Exception,True,LONG_RUNNING_EXCEPTION,HIGH,Exception ran for 305 days without renewal process
EXC00508,Aditya Pillai,Password_Policy_Exception,True,LONG_RUNNING_EXCEPTION,HIGH,Exception ran for 188 days without renewal process
EXC00509,Kevin Chen,Access_Exception,True,STALLED_REVIEW,MEDIUM,Exception pending review for over 30 days
EXC00510,Andrew Wagner,Data_Export_Exception,False,COMPLIANT_EXCEPTION,NONE,Exception within approved lifecycle parameters
EXC00511,Christopher Moore,Access_Exception,False,COMPLIANT_EXCEPTION,NONE,Exception within approved lifecycle parameters
EXC00512,Donald O'Brien,Access_Exception,False,COMPLIANT_EXCEPTION,NONE,Exception within approved lifecycle parameters
EXC00513,Jeffrey Garcia,MFA_Exemption,True,EXPIRED_ACTIVE_EXCEPTION,CRITICAL,Exception expired 100 days ago but still marked Active
EXC00514,Sophia Choi,MFA_Exemption,True,STALLED_REVIEW,MEDIUM,Exception pending review for over 30 days
EXC00515,Ronald Huang,Password_Policy_Exception,True,LONG_RUNNING_EXCEPTION,HIGH,Exception ran for 253 days without renewal process
EXC00516,Akshay Gupta,Encryption_Waiver,True,STALLED_REVIEW,MEDIUM,Exception pending review for over 30 days
EXC00517,Donald Quinn,Access_Exception,False,COMPLIANT_EXCEPTION,NONE,Exception within approved lifecycle parameters
EXC00518,Diya Park,MFA_Exemption,False,COMPLIANT_EXCEPTION,NONE,Exception within approved lifecycle parameters
EXC00519,Leila Garcia,Encryption_Waiver,False,COMPLIANT_EXCEPTION,NONE,Exception within approved lifecycle parameters
EXC00520,Donald Jones,Encryption_Waiver,True,CRITICAL_RISK_EXCEPTION,HIGH,Exception categorised as Critical risk - requires executive approval
EXC00521,Jason Kelly,Access_Exception,False,COMPLIANT_EXCEPTION,NONE,Exception within approved lifecycle parameters
EXC00522,Larry Li,Firewall_Rule_Exception,False,COMPLIANT_EXCEPTION,NONE,Exception within approved lifecycle parameters
EXC00523,Jacob Singh,Data_Export_Exception,False,COMPLIANT_EXCEPTION,NONE,Exception within approved lifecycle parameters
EXC00524,Raja Ghosh,MFA_Exemption,False,COMPLIANT_EXCEPTION,NONE,Exception within approved lifecycle parameters
EXC00525,James Das,MFA_Exemption,False,COMPLIANT_EXCEPTION,NONE,Exception within approved lifecycle parameters
EXC00526,Vikram Williams,Access_Exception,True,EXPIRED_ACTIVE_EXCEPTION,CRITICAL,Exception expired 97 days ago but still marked Active
EXC00527,George Mishra,Data_Export_Exception,False,COMPLIANT_EXCEPTION,NONE,Exception within approved lifecycle parameters
EXC00528,Nadia Li,MFA_Exemption,False,COMPLIANT_EXCEPTION,NONE,Exception within approved lifecycle parameters
EXC00529,Ryan Jones,Firewall_Rule_Exception,True,STALLED_REVIEW,MEDIUM,Exception pending review for over 30 days
EXC00530,Rohan Choi,MFA_Exemption,False,COMPLIANT_EXCEPTION,NONE,Exception within approved lifecycle parameters
EXC00531,Ronald Han,Password_Policy_Exception,True,CRITICAL_RISK_EXCEPTION,HIGH,Exception categorised as Critical risk - requires executive approval
EXC00532,Yuki Jang,Access_Exception,False,COMPLIANT_EXCEPTION,NONE,Exception within approved lifecycle parameters
EXC00533,Nikhil Williams,MFA_Exemption,False,COMPLIANT_EXCEPTION,NONE,Exception within approved lifecycle parameters
EXC00534,Daniel Pillai,Password_Policy_Exception,False,COMPLIANT_EXCEPTION,NONE,Exception within approved lifecycle parameters
EXC00535,Edward Fischer,MFA_Exemption,False,COMPLIANT_EXCEPTION,NONE,Exception within approved lifecycle parameters
EXC00536,Ryan Mishra,Access_Exception,True,EXPIRED_ACTIVE_EXCEPTION,HIGH,Exception expired 38 days ago but still marked Active
EXC00537,Andrew Kelly,Encryption_Waiver,True,STALLED_REVIEW,MEDIUM,Exception pending review for over 30 days
EXC00538,Larry Reilly,Password_Policy_Exception,False,COMPLIANT_EXCEPTION,NONE,Exception within approved lifecycle parameters
EXC00539,Sanjana Bhat,Firewall_Rule_Exception,True,STALLED_REVIEW,MEDIUM,Exception pending review for over 30 days
EXC00540,Ronald Rao,Password_Policy_Exception,True,HIGH_RISK_LONG_EXCEPTION,MEDIUM,High-risk exception active for 348 days without review
EXC00541,James Rao,Firewall_Rule_Exception,False,COMPLIANT_EXCEPTION,NONE,Exception within approved lifecycle parameters
EXC00542,James Becker,Password_Policy_Exception,False,COMPLIANT_EXCEPTION,NONE,Exception within approved lifecycle parameters
EXC00543,Jacob Lewis,Data_Export_Exception,True,EXPIRED_ACTIVE_EXCEPTION,CRITICAL,Exception expired 195 days ago but still marked Active
EXC00544,Brian Perez,Access_Exception,True,STALLED_REVIEW,MEDIUM,Exception pending review for over 30 days
EXC00545,George Moore,Encryption_Waiver,False,COMPLIANT_EXCEPTION,NONE,Exception within approved lifecycle parameters
EXC00546,Christopher Guo,Encryption_Waiver,True,STALLED_REVIEW,MEDIUM,Exception pending review for over 30 days
EXC00547,Joshua Martin,Password_Policy_Exception,False,COMPLIANT_EXCEPTION,NONE,Exception within approved lifecycle parameters
EXC00548,Steven Jones,Data_Export_Exception,True,EXPIRED_ACTIVE_EXCEPTION,HIGH,Exception expired 48 days ago but still marked Active
EXC00549,Joseph Wang,Data_Export_Exception,True,CRITICAL_RISK_EXCEPTION,HIGH,Exception categorised as Critical risk - requires executive approval
EXC00550,Ryan Ramirez,MFA_Exemption,False,COMPLIANT_EXCEPTION,NONE,Exception within approved lifecycle parameters
EXC00551,Raja Gonzalez,Password_Policy_Exception,True,HIGH_RISK_LONG_EXCEPTION,MEDIUM,High-risk exception active for 306 days without review
EXC00552,Thomas Sharma,Firewall_Rule_Exception,True,STALLED_REVIEW,MEDIUM,Exception pending review for over 30 days
EXC00553,Gary Xu,Encryption_Waiver,False,COMPLIANT_EXCEPTION,NONE,Exception within approved lifecycle parameters
EXC00554,Arjun Pillai,MFA_Exemption,False,COMPLIANT_EXCEPTION,NONE,Exception within approved lifecycle parameters
EXC00555,Jacob Becker,Firewall_Rule_Exception,False,COMPLIANT_EXCEPTION,NONE,Exception within approved lifecycle parameters
EXC00556,Kenneth Williams,Password_Policy_Exception,False,COMPLIANT_EXCEPTION,NONE,Exception within approved lifecycle parameters
EXC00557,Jason White,Firewall_Rule_Exception,False,COMPLIANT_EXCEPTION,NONE,Exception within approved lifecycle parameters
EXC00558,James Reilly,Password_Policy_Exception,False,COMPLIANT_EXCEPTION,NONE,Exception within approved lifecycle parameters
EXC00559,Neha Meyer,Encryption_Waiver,False,COMPLIANT_EXCEPTION,NONE,Exception within approved lifecycle parameters
EXC00560,William Huang,Access_Exception,True,STALLED_REVIEW,MEDIUM,Exception pending review for over 30 days
EXC00561,Isha Huang,Firewall_Rule_Exception,True,EXPIRED_ACTIVE_EXCEPTION,HIGH,Exception expired 4 days ago but still marked Active
EXC00562,David Fischer,Password_Policy_Exception,False,COMPLIANT_EXCEPTION,NONE,Exception within approved lifecycle parameters
EXC00563,George Meyer,Data_Export_Exception,True,STALLED_REVIEW,MEDIUM,Exception pending review for over 30 days
EXC00564,Brian Gupta,Data_Export_Exception,True,STALLED_REVIEW,MEDIUM,Exception pending review for over 30 days
EXC00565,Kevin Choi,Data_Export_Exception,False,COMPLIANT_EXCEPTION,NONE,Exception within approved lifecycle parameters
EXC00566,David Taylor,Access_Exception,True,STALLED_REVIEW,MEDIUM,Exception pending review for over 30 days
EXC00567,Sanjana Yang,Firewall_Rule_Exception,False,COMPLIANT_EXCEPTION,NONE,Exception within approved lifecycle parameters
EXC00568,Ronald Clark,Data_Export_Exception,True,CRITICAL_RISK_EXCEPTION,HIGH,Exception categorised as Critical risk - requires executive approval
EXC00569,George Connor,Firewall_Rule_Exception,False,COMPLIANT_EXCEPTION,NONE,Exception within approved lifecycle parameters
EXC00570,Harsh Perez,Encryption_Waiver,False,COMPLIANT_EXCEPTION,NONE,Exception within approved lifecycle parameters
EXC00571,Anjali Hernandez,Password_Policy_Exception,False,COMPLIANT_EXCEPTION,NONE,Exception within approved lifecycle parameters
EXC00572,Zainab Patel,Firewall_Rule_Exception,False,COMPLIANT_EXCEPTION,NONE,Exception within approved lifecycle parameters
EXC00573,Ronald Harris,Password_Policy_Exception,True,EXPIRED_ACTIVE_EXCEPTION,CRITICAL,Exception expired 116 days ago but still marked Active
EXC00574,Eric Jackson,Password_Policy_Exception,False,COMPLIANT_EXCEPTION,NONE,Exception within approved lifecycle parameters
EXC00575,Nisha Sun,Firewall_Rule_Exception,False,COMPLIANT_EXCEPTION,NONE,Exception within approved lifecycle parameters
EXC00576,Anthony Reddy,Firewall_Rule_Exception,False,COMPLIANT_EXCEPTION,NONE,Exception within approved lifecycle parameters
EXC00577,Xiulan Quinn,Firewall_Rule_Exception,True,EXPIRED_ACTIVE_EXCEPTION,HIGH,Exception expired 63 days ago but still marked Active
EXC00578,Jason Robinson,Access_Exception,True,STALLED_REVIEW,MEDIUM,Exception pending review for over 30 days
EXC00579,Kevin Hwang,MFA_Exemption,False,COMPLIANT_EXCEPTION,NONE,Exception within approved lifecycle parameters
EXC00580,Amara Johnson,Password_Policy_Exception,False,COMPLIANT_EXCEPTION,NONE,Exception within approved lifecycle parameters
EXC00581,Anthony Rodriguez,Data_Export_Exception,False,COMPLIANT_EXCEPTION,NONE,Exception within approved lifecycle parameters
EXC00582,David Hwang,Encryption_Waiver,False,COMPLIANT_EXCEPTION,NONE,Exception within approved lifecycle parameters
EXC00583,Ryan Burke,Access_Exception,True,EXPIRED_ACTIVE_EXCEPTION,CRITICAL,Exception expired 99 days ago but still marked Active
EXC00584,Nisha Jones,MFA_Exemption,False,COMPLIANT_EXCEPTION,NONE,Exception within approved lifecycle parameters
EXC00585,Stephen Garcia,Data_Export_Exception,True,STALLED_REVIEW,MEDIUM,Exception pending review for over 30 days
EXC00586,Shruti Choi,Password_Policy_Exception,True,EXPIRED_ACTIVE_EXCEPTION,CRITICAL,Exception expired 94 days ago but still marked Active
EXC00587,David Smith,Access_Exception,False,COMPLIANT_EXCEPTION,NONE,Exception within approved lifecycle parameters
EXC00588,Varun Yang,Encryption_Waiver,True,EXPIRED_ACTIVE_EXCEPTION,CRITICAL,Exception expired 146 days ago but still marked Active
EXC00589,Jeffrey Xu,Access_Exception,False,COMPLIANT_EXCEPTION,NONE,Exception within approved lifecycle parameters
EXC00590,Sophia Lewis,Firewall_Rule_Exception,False,COMPLIANT_EXCEPTION,NONE,Exception within approved lifecycle parameters
EXC00591,Maria Moore,Encryption_Waiver,False,COMPLIANT_EXCEPTION,NONE,Exception within approved lifecycle parameters
EXC00592,Karan Connor,MFA_Exemption,True,STALLED_REVIEW,MEDIUM,Exception pending review for over 30 days
EXC00593,Meera Rao,Encryption_Waiver,False,COMPLIANT_EXCEPTION,NONE,Exception within approved lifecycle parameters
EXC00594,Ryan Smith,Firewall_Rule_Exception,False,COMPLIANT_EXCEPTION,NONE,Exception within approved lifecycle parameters
EXC00595,Eric He,Access_Exception,False,COMPLIANT_EXCEPTION,NONE,Exception within approved lifecycle parameters
EXC00596,Nisha Han,Data_Export_Exception,True,EXPIRED_ACTIVE_EXCEPTION,HIGH,Exception expired 6 days ago but still marked Active
EXC00597,Priya Connor,Access_Exception,True,STALLED_REVIEW,MEDIUM,Exception pending review for over 30 days
EXC00598,Richard Han,Access_Exception,False,COMPLIANT_EXCEPTION,NONE,Exception within approved lifecycle parameters
EXC00599,Elena Connor,Encryption_Waiver,False,COMPLIANT_EXCEPTION,NONE,Exception within approved lifecycle parameters
